time,latitude,longitude,depth,mag,magType,nst,gap,dmin,rms,net,id,updated,place,type,horizontalError,depthError,magError,magNst,status,locationSource,magSource
2026-07-16T01:15:27.405Z,19.6364,121.4422,10,4.8,mb,97,101,3.183,0.49,us,us7000t0uy,2026-08-02T21:21:35.040Z,"105 km SSW of Basco, Philippines",earthquake,9.3,1.863,0.064,75,reviewed,us,us
2026-07-16T05:55:39.453Z,4.9221,125.2999,10.007,4.7,mb,26,125,2.151,0.67,us,us7000t0wh,2026-07-26T08:00:31.040Z,"56 km SSW of Sarangani, Philippines",earthquake,13.37,5.063,0.1,30,reviewed,us,us
2026-07-16T07:49:10.570Z,22.8421,144.3516,18.081,5.3,mww,87,70,4.669,0.58,us,us7000t0x0,2026-08-12T05:44:21.040Z,"Volcano Islands, Japan region",earthquake,9.15,4.092,0.068,21,reviewed,us,us
2026-07-16T11:30:19.266Z,-6.8299,131.0765,35,4.5,mb,18,104,2.572,0.9,us,us7000t0y9,2026-08-13T12:02:19.040Z,"228 km SW of Tual, Indonesia",earthquake,7.39,1.99,0.221,7,reviewed,us,us
2026-07-16T16:46:32.801Z,5.3632,125.0902,86.358,4.4,mb,22,134,1.764,0.41,us,us7000t28v,2026-07-25T20:10:20.040Z,"37 km SW of Balangonan, Philippines",earthquake,15.18,8.615,0.13,17,reviewed,us,us
2026-07-16T19:09:19.591Z,11.8637,139.4434,10,4.6,mb,43,107,5.564,0.62,us,us7000t28y,2026-07-30T15:13:41.040Z,"260 km NNW of Fais, Micronesia",earthquake,12.41,1.901,0.075,54,reviewed,us,us
2026-07-16T19:52:49.983Z,12.6142,123.0638,10,4.4,mb,28,135,11.79,0.72,us,us7000t293,2026-08-04T16:04:23.040Z,"30 km WNW of Tigbao, Philippines",earthquake,15.68,1.945,0.13,17,reviewed,us,us
2026-07-17T01:26:06.672Z,22.8649,95.977,10,4.9,mww,140,60,1.922,0.46,us,us7000t173,2026-08-02T23:51:46.040Z,"43 km NE of Shwebo, Burma (Myanmar)",earthquake,7.63,1.84,0.103,9,reviewed,us,us
2026-07-17T07:41:26.052Z,-6.463,128.5084,313.963,4.4,mb,34,45,2.376,0.37,us,us7000t18g,2026-07-26T09:36:54.040Z,"282 km NE of Lospalos, Timor Leste",earthquake,9.94,9.514,0.135,16,reviewed,us,us
2026-07-17T09:40:49.481Z,19.2321,120.9176,29.067,4.6,mb,65,127,3.571,0.81,us,us7000t19a,2026-08-12T16:49:28.040Z,"71 km NNW of Claveria, Philippines",earthquake,10.74,5.999,0.063,75,reviewed,us,us
2026-07-17T13:07:41.677Z,-10.3279,119.1471,35,4.4,mb,21,123,5.074,0.68,us,us7000t1a9,2026-07-25T20:38:31.040Z,"100 km S of Tambolaka, Indonesia",earthquake,11.48,1.948,0.149,13,reviewed,us,us
2026-07-17T13:38:12.433Z,-7.5732,128.1927,163.497,4,mb,26,73,3.476,0.9,us,us7000t1b6,2026-07-25T21:24:03.040Z,"168 km NE of Lospalos, Timor Leste",earthquake,9.24,9.106,0.172,15,reviewed,us,us
2026-07-17T16:12:56.673Z,5.7105,125.3384,70.473,5.3,mb,92,58,1.371,1.07,us,us7000t1e8,2026-08-01T17:43:57.243Z,"6 km E of Pangyan, Philippines",earthquake,8.14,5.556,0.042,188,reviewed,us,us
2026-07-17T18:10:17.741Z,12.7148,122.9648,10,4.4,mb,40,123,6.172,0.29,us,us7000t1fi,2026-07-25T15:13:16.040Z,"34 km WSW of Mabiton, Philippines",earthquake,13.8,1.91,0.094,33,reviewed,us,us
2026-07-17T18:50:20.472Z,-6.6043,130.3617,94.393,4.5,mb,48,123,4.115,0.52,us,us7000t1fs,2026-07-25T17:15:55.040Z,"285 km WSW of Tual, Indonesia",earthquake,9.66,7.562,0.084,41,reviewed,us,us
2026-07-18T00:50:06.460Z,-0.3257,98.9133,57.797,4.5,mb,42,104,2.1,0.97,us,us7000t1ig,2026-08-04T05:02:51.040Z,"138 km WNW of Pariaman, Indonesia",earthquake,5.18,7.65,0.106,28,reviewed,us,us
2026-07-18T02:23:40.127Z,4.5057,124.8574,10,5.3,mww,69,99,2.646,1.18,us,us7000t1it,2026-08-06T23:21:27.400Z,"119 km SW of Sarangani, Philippines",earthquake,8.89,1.882,0.068,21,reviewed,us,us
2026-07-18T03:28:06.008Z,-0.3602,125.1744,49.006,4.5,mb,27,102,6.278,1,us,us7000t2y2,2026-08-06T03:12:19.040Z,"121 km SE of Modisi, Indonesia",earthquake,9.94,8.038,0.14,15,reviewed,us,us
2026-07-18T08:21:42.982Z,-6.5748,103.8765,25.451,4.9,mb,58,157,2.383,1.05,us,us7000t1kf,2026-08-11T15:25:09.040Z,"198 km SW of Bandar Lampung, Indonesia",earthquake,9.12,6.115,0.079,50,reviewed,us,us
2026-07-18T13:45:29.962Z,-0.0708,123.3785,137.184,4.5,mb,47,79,6.102,0.79,us,us7000t2ys,2026-08-13T16:41:55.040Z,"75 km SSE of Gorontalo, Indonesia",earthquake,11.01,6.702,0.084,41,reviewed,us,us
2026-07-18T23:53:42.708Z,5.1947,124.6586,35.021,4.4,mb,17,131,2.075,1.35,us,us7000t2zk,2026-08-01T23:02:23.040Z,"79 km SSW of Katubao, Philippines",earthquake,7.7,6.531,0.162,11,reviewed,us,us
2026-07-19T01:57:56.291Z,2.7534,128.5619,221.42,4.8,mb,71,105,5.216,0.84,us,us7000t1q4,2026-08-07T04:49:35.040Z,"128 km NNE of Tobelo, Indonesia",earthquake,10.6,7.676,0.07,63,reviewed,us,us
2026-07-19T05:14:25.043Z,4.946,125.2228,35.34,4.5,mb,27,129,2.139,0.71,us,us7000t321,2026-07-30T09:16:20.040Z,"57 km SSW of Sarangani, Philippines",earthquake,8.74,6.297,0.124,19,reviewed,us,us
2026-07-19T08:11:06.411Z,-7.6263,106.5265,37.601,4.9,mb,57,103,1.126,0.68,us,us7000t1rh,2026-08-12T05:59:10.093Z,"70 km S of Pelabuhanratu, Indonesia",earthquake,6.94,6.369,0.069,72,reviewed,us,us
2026-07-19T08:19:53.456Z,5.4941,125.2779,71.895,4.6,mb,41,110,1.594,0.79,us,us7000t1ri,2026-07-30T13:01:17.040Z,"12 km SW of Balangonan, Philippines",earthquake,10.79,7.766,0.076,52,reviewed,us,us
2026-07-19T11:23:17.474Z,4.692,125.7325,10,4,mb,21,114,2.367,1,us,us7000t32g,2026-08-11T13:55:42.040Z,"84 km SSE of Sarangani, Philippines",earthquake,13.3,1.934,0.134,15,reviewed,us,us
2026-07-20T00:27:46.582Z,-3.2578,130.6556,10,4.7,mb,44,50,1.463,0.72,us,us7000t1v5,2026-08-13T00:28:57.040Z,"186 km WSW of Fakfak, Indonesia",earthquake,5.24,1.85,0.09,37,reviewed,us,us
2026-07-20T09:40:46.556Z,1.6026,127.3619,104.437,5,mb,83,52,5.714,0.96,us,us7000t1wm,2026-08-11T14:03:00.995Z,"73 km W of Tobelo, Indonesia",earthquake,8.66,6.56,0.055,103,reviewed,us,us
2026-07-20T10:23:47.920Z,19.8853,121.941,10,4.2,mb,26,123,3.026,0.66,us,us7000t1ww,2026-08-13T10:42:04.040Z,"62 km S of Basco, Philippines",earthquake,8.88,1.639,0.167,11,reviewed,us,us
2026-07-20T10:31:18.312Z,2.2811,126.3979,35.119,4.4,mb,32,130,14.172,0.55,us,us7000t34v,2026-08-13T11:45:05.040Z,"169 km ENE of Bitung, Indonesia",earthquake,13.99,8.665,0.117,21,reviewed,us,us
2026-07-20T10:42:14.900Z,-5.9851,128.769,309.156,4.3,mb,51,34,1.841,0.64,us,us7000t1wz,2026-08-12T13:54:32.040Z,"261 km SSE of Ambon, Indonesia",earthquake,6.66,7.266,0.099,29,reviewed,us,us
2026-07-20T13:35:55.183Z,1.1625,121.6111,61.096,4.4,mb,38,112,6.41,0.73,us,us7000t1xr,2026-08-04T17:46:39.040Z,"175 km WNW of Gorontalo, Indonesia",earthquake,7.13,6.618,0.109,24,reviewed,us,us
2026-07-20T14:40:49.910Z,22.5516,107.6944,10,4.2,mb,32,63,4.04,0.69,us,us7000t1y6,2026-08-05T15:06:18.070Z,"38 km ENE of Chongzuo, China",earthquake,7.9,1.887,0.141,14,reviewed,us,us
2026-07-20T19:07:18.670Z,-2.5251,138.9501,36.188,4.6,mb,40,78,1.751,0.3,us,us7000t20c,2026-08-06T16:58:12.040Z,"187 km W of Abepura, Indonesia",earthquake,10.02,2.771,0.078,49,reviewed,us,us
2026-07-20T19:37:40.866Z,11.8801,93.2348,62.115,4.5,mb,28,157,6.255,0.65,us,us7000t20r,2026-08-06T17:10:09.040Z,"58 km ENE of Port Blair, India",earthquake,9.42,6.711,0.14,15,reviewed,us,us
2026-07-20T20:55:38.551Z,-5.9566,130.1825,140.82,4.3,mb,42,112,1.451,0.45,us,us7000t21h,2026-08-06T17:52:07.040Z,"286 km W of Tual, Indonesia",earthquake,8.64,6.282,0.087,37,reviewed,us,us
2026-07-20T21:26:49.030Z,-6.9646,130.029,91.171,4.4,mb,16,109,2.429,0.7,us,us7000t21u,2026-08-13T00:36:20.040Z,"Banda Sea",earthquake,7.91,10.292,0.155,12,reviewed,us,us
2026-07-20T22:05:26.329Z,-2.0635,128.4381,10,4.2,mb,12,121,3.901,0.77,us,us7000t35e,2026-08-13T01:18:33.040Z,"148 km NNW of Masohi, Indonesia",earthquake,6.06,1.921,0.2,7,reviewed,us,us
2026-07-21T03:56:03.236Z,10.5051,125.2076,13.134,4.3,mb,14,138,3.433,0.83,us,us6000tg3k,2026-08-04T03:16:04.040Z,"5 km ESE of Silago, Philippines",earthquake,14.37,5.012,0.177,9,reviewed,us,us
2026-07-21T05:05:01.804Z,-9.2043,118.9931,105.881,4.4,mb,25,94,4.23,0.64,us,us7000t24e,2026-08-11T16:04:08.040Z,"36 km NW of Tambolaka, Indonesia",earthquake,6.88,8.646,0.127,18,reviewed,us,us
2026-07-21T11:09:45.483Z,12.8161,144.2202,12.946,4.9,mb,60,85,0.995,0.45,us,us7000t25j,2026-08-15T11:19:47.130Z,"69 km SW of Merizo Village, Guam",earthquake,5.93,3.281,0.081,48,reviewed,us,us
2026-07-21T11:47:15.663Z,-7.5026,122.8627,539.829,4.5,mb,80,67,2.634,0.64,us,us7000t25t,2026-08-13T10:53:14.040Z,"142 km NNE of Maumere, Indonesia",earthquake,10.61,7.54,0.072,57,reviewed,us,us
2026-07-21T12:09:59.430Z,-0.8315,134.1558,35,4.1,mb,18,170,2.816,0.48,us,us7000t25z,2026-08-14T07:45:13.040Z,"10 km ENE of Manokwari, Indonesia",earthquake,8.63,1.961,0.165,10,reviewed,us,us
2026-07-21T12:36:17.995Z,1.3053,126.6495,58.104,4.2,mb,19,96,5.825,0.37,us,us6000tg3z,2026-08-14T06:58:12.040Z,"99 km NW of Ternate, Indonesia",earthquake,12.63,9.674,0.132,16,reviewed,us,us
2026-07-21T13:47:16.506Z,-2.5995,138.8709,35,4.7,mb,68,46,1.832,0.55,us,us7000t26j,2026-08-13T21:44:14.040Z,"195 km W of Abepura, Indonesia",earthquake,9.36,1.849,0.066,70,reviewed,us,us
2026-07-21T13:48:06.857Z,13.0116,122.7932,10,4.6,mb,66,60,9.888,0.71,us,us7000t26k,2026-08-13T21:50:56.040Z,"20 km WSW of San Rafael, Philippines",earthquake,10.74,1.859,0.076,55,reviewed,us,us
2026-07-21T18:33:27.188Z,5.7108,125.422,63.677,5.1,mb,120,38,1.359,0.63,us,us7000t2a7,2026-08-05T21:39:45.851Z,"6 km NW of Sugal, Philippines",earthquake,8.04,5.228,0.044,169,reviewed,us,us
2026-07-21T20:20:09.028Z,-2.5848,140.361,14.049,4,mb,14,83,0.349,0.37,us,us6000tg4j,2026-08-06T16:01:11.040Z,"30 km W of Abepura, Indonesia",earthquake,7.25,6.435,0.183,8,reviewed,us,us
2026-07-21T20:33:45.470Z,8.6313,126.3706,78.634,4.3,mb,36,123,1.738,0.87,us,us6000tg4h,2026-08-06T16:14:07.040Z,"18 km NE of Gamut, Philippines",earthquake,11.79,5.66,0.104,26,reviewed,us,us
2026-07-21T23:48:17.785Z,22.6636,142.7527,287.382,4.2,mb,13,154,4.443,0.39,us,us6000tg4s,2026-08-13T01:50:41.040Z,"Volcano Islands, Japan region",earthquake,10.87,10.05,0.166,10,reviewed,us,us
2026-07-22T04:18:21.643Z,4.1948,97.4958,10,5,mww,86,59,1.163,1.3,us,us7000t2dz,2026-08-07T01:10:41.533Z,"60 km WSW of Langsa, Indonesia",earthquake,6.04,1.822,0.103,9,reviewed,us,us
2026-07-22T06:46:38.001Z,-2.5646,138.8038,10,4.9,mb,52,60,1.898,1.17,us,us7000t2ei,2026-08-12T13:12:50.040Z,"203 km W of Abepura, Indonesia",earthquake,3.98,1.853,0.067,69,reviewed,us,us
2026-07-22T09:47:19.801Z,5.6126,125.3679,64.111,5,mb,131,46,1.463,0.57,us,us7000t2fj,2026-08-13T11:53:19.299Z,"4 km NNE of Balangonan, Philippines",earthquake,4.96,4.69,0.047,145,reviewed,us,us
2026-07-22T10:51:53.794Z,5.5976,124.9678,35,4.4,mb,29,158,1.584,0.57,us,us6000tgdv,2026-08-14T06:43:37.040Z,"29 km S of Maasim, Philippines",earthquake,13.72,1.957,0.107,25,reviewed,us,us
2026-07-22T12:12:04.562Z,13.004,143.2098,171.415,4.4,mb,29,106,1.716,0.63,us,us6000tgdy,2026-08-13T17:38:12.040Z,"160 km W of Merizo Village, Guam",earthquake,12.46,8.468,0.114,22,reviewed,us,us
2026-07-22T13:44:01.958Z,5.5289,125.0459,23.409,4.3,mb,19,187,1.62,0.42,us,us6000tge0,2026-08-06T17:14:23.040Z,"31 km SW of Burias, Philippines",earthquake,15.81,5.924,0.133,16,reviewed,us,us
2026-07-22T14:22:09.651Z,-8.0284,117.6948,10,4.2,mb,15,119,3.534,1.2,us,us6000tge1,2026-08-06T17:36:06.040Z,"48 km NNE of Pototano, Indonesia",earthquake,7.09,1.843,0.216,7,reviewed,us,us
2026-07-22T14:50:42.071Z,-2.6478,138.8997,10,4.9,mb,61,41,1.806,0.92,us,us7000t2gh,2026-08-06T17:45:59.040Z,"192 km W of Abepura, Indonesia",earthquake,8.35,1.806,0.073,59,reviewed,us,us
2026-07-22T17:36:36.867Z,3.8435,96.879,10,4,mb,17,166,1.378,0.77,us,us6000tge6,2026-08-14T15:19:31.040Z,"12 km NNE of Blangpidie, Indonesia",earthquake,4.36,1.924,0.196,9,reviewed,us,us
2026-07-22T18:08:54.161Z,5.2175,94.1733,32.964,4.1,mb,15,193,2.762,0.62,us,us6000tgea,2026-08-14T15:48:30.040Z,"133 km WSW of Banda Aceh, Indonesia",earthquake,10.68,7.431,0.233,6,reviewed,us,us
2026-07-22T18:27:16.637Z,-6.6462,127.6812,340.53,4.2,mb,34,43,4.578,0.5,us,us6000tgeb,2026-08-14T16:48:52.040Z,"220 km NNE of Lospalos, Timor Leste",earthquake,9.76,7.702,0.131,16,reviewed,us,us
2026-07-22T19:37:11.572Z,-8.0854,117.7981,10,4.3,mb,15,79,3.616,0.77,us,us6000tged,2026-08-14T17:34:14.040Z,"50 km NE of Pototano, Indonesia",earthquake,6.47,1.94,0.148,14,reviewed,us,us
2026-07-22T20:45:08.647Z,-5.6548,144.9654,10,4.3,mb,16,125,4.314,0.99,us,us6000tgee,2026-08-14T17:54:35.040Z,"40 km N of Kundiawa, Papua New Guinea",earthquake,10.63,1.846,0.137,15,reviewed,us,us
2026-07-22T23:40:42.124Z,-4.5122,102.3813,56.934,4.2,mb,16,140,0.592,1.11,us,us6000tgeh,2026-08-04T23:27:45.040Z,"79 km S of Bengkulu, Indonesia",earthquake,8.23,4.115,0.176,9,reviewed,us,us
2026-07-23T15:12:42.639Z,11.8746,143.1044,10,4.6,mb,34,144,2.422,0.72,us,us6000tgnv,2026-08-06T19:51:30.040Z,"229 km SW of Merizo Village, Guam",earthquake,10.39,1.939,0.107,26,reviewed,us,us
2026-07-23T18:21:37.812Z,18.672,94.6933,54.334,4,mb,22,187,2.529,0.5,us,us6000tgp3,2026-08-09T18:47:55.040Z,"58 km WSW of Pyay, Burma (Myanmar)",earthquake,12.77,9.563,0.149,12,reviewed,us,us
2026-07-23T20:15:13.492Z,-2.5707,138.6812,10,4.8,mww,85,37,2.02,0.92,us,us7000t2uz,2026-08-10T16:18:06.040Z,"217 km W of Abepura, Indonesia",earthquake,4.76,1.793,0.103,9,reviewed,us,us
2026-07-23T20:19:08.807Z,-2.7833,138.9673,10,4.4,mb,28,93,1.754,1.25,us,us6000tgp5,2026-08-10T19:13:09.040Z,"186 km W of Abepura, Indonesia",earthquake,8.16,1.915,0.123,19,reviewed,us,us
2026-07-23T21:09:49.158Z,-2.622,138.8908,25.053,4.4,mb,24,62,1.813,0.93,us,us6000tgp7,2026-08-14T04:29:07.040Z,"193 km W of Abepura, Indonesia",earthquake,8.68,5.566,0.161,13,reviewed,us,us
2026-07-23T21:13:42.485Z,-2.6503,138.7355,28.147,4.4,mb,32,61,1.97,0.7,us,us6000tgp6,2026-08-14T04:43:25.040Z,"211 km W of Abepura, Indonesia",earthquake,8.3,5.913,0.12,20,reviewed,us,us
2026-07-23T21:57:05.344Z,1.7524,99.5657,156.637,4.4,mb,16,98,2.039,0.81,us,us6000tgp9,2026-08-15T04:14:51.040Z,"38 km SSW of Bandar, Indonesia",earthquake,13.57,8.811,0.155,12,reviewed,us,us
2026-07-23T22:50:23.328Z,-6.2136,100.615,10,4.7,mb,35,86,2.97,0.79,us,us7000t2w1,2026-08-10T03:34:49.040Z,"southwest of Sumatra, Indonesia",earthquake,7.32,1.88,0.115,23,reviewed,us,us
2026-07-23T22:58:35.914Z,0.5968,126.2207,42.513,5.7,mww,125,40,6.277,0.88,us,us7000t2w3,2026-08-10T04:14:47.582Z,"131 km W of Ternate, Indonesia",earthquake,8.19,4.79,0.053,34,reviewed,us,us
2026-07-23T23:43:35.723Z,-2.592,138.7843,38.188,4.4,mb,29,61,1.918,0.5,us,us6000tgpe,2026-08-15T05:15:33.040Z,"205 km W of Abepura, Indonesia",earthquake,9.35,7.876,0.123,19,reviewed,us,us
2026-07-24T00:48:28.440Z,-7.4015,128.7211,144.134,4.4,mb,27,73,4.987,0.66,us,us7000t2wu,2026-08-10T04:17:58.040Z,"226 km ENE of Lospalos, Timor Leste",earthquake,9.47,4.146,0.127,20,reviewed,us,us
2026-07-24T11:11:34.234Z,-2.5436,138.8612,10,5.3,mb,72,39,1.84,1.09,us,us7000t309,2026-07-24T11:32:24.040Z,"197 km W of Abepura, Indonesia",earthquake,8.14,1.823,0.056,106,reviewed,us,us
2026-07-24T12:14:28.267Z,-2.5572,138.8159,10,5.4,mb,88,53,1.886,0.8,us,us7000t30r,2026-07-25T12:22:45.280Z,"202 km W of Abepura, Indonesia",earthquake,7.88,1.847,0.051,133,reviewed,us,us
2026-07-24T12:27:02.974Z,-2.6055,138.8797,10,5.1,mb,60,77,1.824,0.74,us,us7000t30v,2026-07-24T12:44:53.040Z,"194 km W of Abepura, Indonesia",earthquake,5.32,1.832,0.06,90,reviewed,us,us
2026-07-24T14:09:52.936Z,-6.8546,129.5506,190.671,4.2,mb,22,84,2.343,0.46,us,us7000t31u,2026-08-06T20:24:35.040Z,"Banda Sea",earthquake,11.04,6.706,0.153,14,reviewed,us,us
2026-07-24T14:39:35.556Z,-0.7641,137.2947,10,4.2,mb,16,94,3.825,1.19,us,us6000tgqe,2026-08-06T20:40:39.040Z,"142 km ENE of Biak, Indonesia",earthquake,10.74,1.839,0.187,10,reviewed,us,us
2026-07-24T14:54:03.709Z,-2.5709,138.9909,10,4.2,mb,15,71,1.711,0.98,us,us6000tgqf,2026-08-06T20:50:42.040Z,"182 km W of Abepura, Indonesia",earthquake,8.01,1.853,0.187,10,reviewed,us,us
2026-07-24T17:28:04.953Z,-5.5841,103.8222,52.905,4.9,mb,52,72,1.491,0.86,us,us7000t35r,2026-08-09T17:52:57.040Z,"144 km SW of Kotabumi, Indonesia",earthquake,5.81,7.064,0.081,48,reviewed,us,us
2026-07-24T19:06:27.515Z,4.903,125.4539,10,4.9,mb,143,53,2.156,0.7,us,us7000t36g,2026-07-29T16:11:39.040Z,"55 km S of Sarangani, Philippines",earthquake,5.33,1.804,0.047,146,reviewed,us,us
2026-07-25T06:46:06.097Z,4.8793,125.4791,52.163,5,mb,64,101,2.178,0.95,us,us7000t3a4,2026-07-25T07:04:54.040Z,"57 km S of Sarangani, Philippines",earthquake,9.95,8.111,0.055,104,reviewed,us,us
2026-07-25T17:32:36.925Z,11.9587,144.1921,10,4.3,mb,28,161,1.75,0.47,us,us6000tgz3,2026-08-06T19:06:21.040Z,"153 km SSW of Merizo Village, Guam",earthquake,12.09,1.926,0.129,17,reviewed,us,us
2026-07-25T17:42:58.937Z,-7.3467,128.8227,131.342,4.3,mb,36,111,3.005,0.66,us,us7000t3c6,2026-08-09T19:06:14.040Z,"239 km ENE of Lospalos, Timor Leste",earthquake,6.49,7.552,0.103,27,reviewed,us,us
2026-07-26T04:21:43.706Z,0.0628,125.8475,10,4.6,mb,34,72,5.497,0.93,us,us6000th00,2026-08-14T02:34:47.040Z,"162 km ESE of Modisi, Indonesia",earthquake,12.06,1.888,0.111,24,reviewed,us,us
2026-07-26T08:07:33.005Z,5.4754,126.0766,8.038,4.4,mb,20,150,1.659,0.75,us,us6000th06,2026-08-05T10:53:11.040Z,"68 km E of Sarangani, Philippines",earthquake,14.42,5.223,0.131,17,reviewed,us,us
2026-07-26T10:57:37.061Z,-10.007,123.4402,10,5.3,mb,68,40,0.852,1.08,us,us7000t3g4,2026-07-26T11:57:57.795Z,"25 km NW of Kupang, Indonesia",earthquake,6.04,1.847,0.061,90,reviewed,us,us
2026-07-26T15:22:38.832Z,5.3184,125.3392,55.058,4.2,mb,25,181,1.756,0.86,us,us6000th0e,2026-08-09T19:54:16.040Z,"16 km SW of Sarangani, Philippines",earthquake,12.5,9.47,0.128,20,reviewed,us,us
2026-07-27T00:50:52.453Z,1.7908,99.0799,10,4.4,mb,22,72,0.912,0.36,us,us6000th6c,2026-08-09T23:54:33.040Z,"33 km E of Sibolga, Indonesia",earthquake,5.82,1.895,0.17,10,reviewed,us,us
2026-07-27T15:30:40.040Z,-2.3252,138.8002,10,4.6,mb,21,121,1.91,1.22,us,us7000t3pe,2026-08-09T20:56:44.040Z,"205 km W of Abepura, Indonesia",earthquake,6.66,1.861,0.133,17,reviewed,us,us
2026-07-27T15:51:33.267Z,-2.5939,138.8091,10,4.9,mb,40,76,1.894,0.83,us,us6000tg2t,2026-08-09T20:58:46.040Z,"202 km W of Abepura, Indonesia",earthquake,9.81,1.87,0.082,48,reviewed,us,us
2026-07-27T22:57:15.612Z,-1.9863,139.1552,35,4.4,mb,25,144,1.633,0.87,us,us6000th7b,2026-08-10T23:45:16.040Z,"177 km WNW of Abepura, Indonesia",earthquake,9.49,1.938,0.13,17,reviewed,us,us
2026-07-27T23:06:33.907Z,7.6302,126.702,71.033,5.3,mb,117,90,1.245,0.76,us,us6000tg94,2026-08-10T23:57:27.491Z,"16 km ENE of Baganga, Philippines",earthquake,8.22,5.354,0.037,24,reviewed,us,us
2026-07-28T09:21:24.953Z,-7.4435,108.2848,158.966,4.9,mb,98,35,0.63,0.68,us,us6000tgbx,2026-07-28T10:32:33.678Z,"10 km SE of Kawalu, Indonesia",earthquake,6.83,4.992,0.06,88,reviewed,us,us
2026-07-28T23:02:12.479Z,-7.4254,129.2509,71.782,4.1,mb,17,82,5.38,1.31,us,us6000than,2026-08-11T01:29:20.040Z,"276 km ENE of Lospalos, Timor Leste",earthquake,10.51,9.744,0.214,6,reviewed,us,us
2026-07-29T00:23:24.322Z,13.6688,120.4443,199.395,4.1,mb,32,102,20.151,0.47,us,us6000thti,2026-08-11T22:12:03.040Z,"21 km ESE of Looc, Philippines",earthquake,15.19,3.385,0.107,24,reviewed,us,us
2026-07-29T00:39:36.427Z,10.2473,126.0314,52.181,4.9,mb,72,93,3.189,0.89,us,us6000tgjc,2026-08-11T22:17:15.335Z,"25 km N of Santa Monica, Philippines",earthquake,9.52,5.607,0.051,120,reviewed,us,us
2026-07-29T01:10:47.184Z,5.2959,125.4922,35,4.4,mb,22,126,1.764,1.3,us,us6000thtk,2026-08-14T01:57:00.040Z,"12 km SSE of Sarangani, Philippines",earthquake,9.15,1.939,0.134,16,reviewed,us,us
2026-07-29T02:40:15.019Z,-2.6265,138.8873,35,4.8,mb,34,54,1.817,0.7,us,us6000tgjx,2026-08-14T04:31:40.040Z,"194 km W of Abepura, Indonesia",earthquake,9.65,1.907,0.107,27,reviewed,us,us
2026-07-29T13:16:59.747Z,5.6147,125.3758,60.594,5,mb,74,81,1.459,0.69,us,us6000tgmy,2026-08-12T16:28:20.789Z,"5 km NNE of Balangonan, Philippines",earthquake,9.21,6.487,0.071,64,reviewed,us,us
2026-07-29T13:23:56.282Z,5.3185,125.0972,69.855,5,mb,112,24,1.804,0.71,us,us6000tgn0,2026-08-12T16:40:30.179Z,"40 km SW of Balangonan, Philippines",earthquake,7.49,5.158,0.044,166,reviewed,us,us
2026-07-29T14:02:43.362Z,22.0075,96.0221,10,4.2,mb,26,88,1.302,0.68,us,us6000tgnj,2026-08-12T20:06:36.468Z,"7 km WNW of Mandalay, Burma (Myanmar)",earthquake,6.36,1.916,0.152,12,reviewed,us,us
2026-07-29T14:11:03.619Z,15.3225,122.8423,10,5.1,mww,126,38,7.639,0.79,us,us6000tgnu,2026-08-12T20:13:58.094Z,"83 km NE of Casuguran, Philippines",earthquake,7.86,0.71,0.086,13,reviewed,us,us
2026-07-29T15:09:58.044Z,13.1473,124.665,10,5.4,mww,146,33,6.106,0.77,us,us6000tgpr,2026-08-12T21:50:00.176Z,"58 km E of Rapu-Rapu, Philippines",earthquake,8.31,1.738,0.057,30,reviewed,us,us
2026-07-29T16:12:02.001Z,1.4659,124.2466,245.625,4.3,mb,51,125,9.108,0.47,us,us6000tgrb,2026-08-04T23:03:51.164Z,"64 km WNW of Tomohon, Indonesia",earthquake,12.89,6.568,0.084,40,reviewed,us,us
2026-07-29T22:16:29.163Z,-6.0542,103.0491,35,4.5,mb,22,136,1.685,0.68,us,us6000thuh,2026-08-11T23:57:47.040Z,"225 km S of Pagar Alam, Indonesia",earthquake,8.2,1.94,0.164,11,reviewed,us,us
2026-07-30T04:42:12.667Z,-2.6018,138.8205,35,5.4,mb,39,58,1.883,0.75,us,us6000tgvu,2026-07-31T04:48:57.008Z,"201 km W of Abepura, Indonesia",earthquake,8.63,1.912,0.086,46,reviewed,us,us
2026-07-30T05:18:53.710Z,-2.6135,138.9957,20.157,4.5,mb,23,93,1.708,0.98,us,us6000ti1x,2026-08-06T06:01:43.040Z,"182 km W of Abepura, Indonesia",earthquake,11.17,6.008,0.132,17,reviewed,us,us
2026-07-30T05:43:41.527Z,-2.8311,138.9176,38.129,4.3,mb,20,90,1.811,0.62,us,us6000ti21,2026-08-06T06:39:50.040Z,"192 km W of Abepura, Indonesia",earthquake,10.24,8.899,0.143,14,reviewed,us,us
2026-07-30T05:55:55.138Z,-2.6538,138.7818,10,4.7,mb,25,94,1.924,0.59,us,us6000tgw4,2026-08-06T07:04:18.040Z,"205 km W of Abepura, Indonesia",earthquake,11.05,1.401,0.091,37,reviewed,us,us
2026-07-30T08:16:16.726Z,-2.5273,139.0159,39.827,4.4,mb,16,85,1.685,1.06,us,us6000ti28,2026-08-06T08:25:57.040Z,"179 km W of Abepura, Indonesia",earthquake,11.48,8.263,0.149,13,reviewed,us,us
2026-07-30T08:19:06.482Z,-2.5001,138.914,32.931,4.4,mb,21,84,1.787,1.08,us,us6000ti26,2026-08-06T08:31:15.040Z,"191 km W of Abepura, Indonesia",earthquake,11.05,5.798,0.131,17,reviewed,us,us
2026-07-30T08:23:45.982Z,-2.7077,138.7574,21.547,4.6,mb,26,90,1.953,0.77,us,us6000ti29,2026-08-06T08:47:21.040Z,"208 km W of Abepura, Indonesia",earthquake,10.73,5.313,0.111,24,reviewed,us,us
2026-07-30T13:14:30.513Z,-7.1724,126.1476,464.296,4.3,mb,20,83,3.169,0.83,us,us6000tgy6,2026-08-13T19:59:07.040Z,"148 km NNW of Baukau, Timor Leste",earthquake,15.35,9.533,0.217,6,reviewed,us,us
2026-07-30T13:21:53.060Z,-2.8401,138.8456,35,4.2,mb,18,99,1.883,1.78,us,us6000ti2n,2026-08-13T19:53:44.040Z,"200 km W of Abepura, Indonesia",earthquake,10.53,1.943,0.177,9,reviewed,us,us
2026-07-30T14:00:14.103Z,-2.7447,138.8425,35,4.5,mb,31,101,1.873,0.96,us,us6000ti2p,2026-08-13T20:31:18.040Z,"199 km W of Abepura, Indonesia",earthquake,11.82,1.932,0.113,23,reviewed,us,us
2026-07-30T14:23:36.175Z,-3.0625,130.6524,10,4.5,mb,20,86,1.601,1.11,us,us6000th2i,2026-08-13T21:06:51.040Z,"183 km W of Fakfak, Indonesia",earthquake,6.26,1.882,0.145,16,reviewed,us,us
2026-07-30T14:37:35.385Z,-2.7043,138.888,35,4.4,mb,21,100,1.823,1.05,us,us6000tgyg,2026-07-30T19:18:01.040Z,"194 km W of Abepura, Indonesia",earthquake,10.12,1.926,0.149,14,reviewed,us,us
2026-07-30T17:55:59.690Z,11.5807,138.9989,34.505,5.9,mww,114,28,7.54,1.01,us,us6000th1h,2026-07-31T18:04:41.702Z,"247 km NNE of Colonia, Micronesia",earthquake,8.49,2.076,0.05,38,reviewed,us,us
2026-07-30T18:11:03.520Z,-5.3977,129.0625,256.241,4.5,mb,82,64,1.208,0.64,us,us6000th1p,2026-07-30T19:18:23.040Z,"211 km SSE of Ambon, Indonesia",earthquake,9.38,3.494,0.068,63,reviewed,us,us
2026-07-31T08:11:07.484Z,20.8038,119.9255,10,4.3,mb,23,145,2.273,0.97,us,us6000tibj,2026-08-06T09:05:38.040Z,"157 km SSW of Hengchun, Taiwan",earthquake,11.66,1.916,0.154,12,reviewed,us,us
2026-07-31T08:31:28.631Z,4.0899,93.1811,10,4.9,mww,42,53,3.92,0.53,us,us6000th68,2026-08-06T09:15:08.040Z,"287 km SW of Banda Aceh, Indonesia",earthquake,10.84,1.874,0.103,9,reviewed,us,us
2026-07-31T20:19:26.522Z,-2.8782,130.1637,10,5.3,mww,171,28,1.654,0.68,us,us6000thbq,2026-08-01T15:37:41.040Z,"140 km ENE of Masohi, Indonesia",earthquake,4.76,1.686,0.069,20,reviewed,us,us
2026-07-31T20:29:10.879Z,-2.9125,130.0959,10,4.6,mb,60,50,1.611,0.6,us,us6000thbu,2026-08-01T16:41:56.040Z,"132 km ENE of Masohi, Indonesia",earthquake,7.39,1.847,0.075,53,reviewed,us,us
2026-07-31T21:10:36.213Z,-2.9075,130.2088,10,4.4,mb,20,68,1.633,0.81,us,us6000thc6,2026-07-31T21:51:37.040Z,"144 km ENE of Masohi, Indonesia",earthquake,3.94,1.841,0.13,17,reviewed,us,us
2026-07-31T21:23:58.079Z,4.8905,126.2704,68.804,4.4,mb,25,132,2.271,0.58,us,us6000thca,2026-07-31T22:27:44.040Z,"105 km ESE of Sarangani, Philippines",earthquake,6.18,7.93,0.108,25,reviewed,us,us
2026-07-31T23:17:37.106Z,-3.0027,130.1237,10,5.1,mb,50,68,1.525,0.72,us,us6000thcs,2026-07-31T23:41:14.040Z,"132 km ENE of Masohi, Indonesia",earthquake,6.38,1.754,0.07,66,reviewed,us,us
2026-07-31T23:36:03.277Z,10.7428,126.1452,10.001,4.5,mb,36,120,3.692,1.06,us,us6000thcu,2026-08-01T00:08:07.040Z,"40 km ESE of Sulangan, Philippines",earthquake,14,4.885,0.091,35,reviewed,us,us
2026-08-01T03:42:50.806Z,5.6352,124.9258,35,4.6,mb,36,117,1.566,1.01,us,us6000thef,2026-08-01T08:27:04.843Z,"25 km S of Daliao, Philippines",earthquake,10.37,1.917,0.089,38,reviewed,us,us
2026-08-01T12:12:07.612Z,-2.8888,130.2762,10,4.5,mb,28,92,1.664,0.93,us,us6000thgc,2026-08-08T10:44:50.040Z,"152 km ENE of Masohi, Indonesia",earthquake,8.78,1.882,0.107,26,reviewed,us,us
2026-08-01T12:30:49.350Z,-3.2875,130.8088,10,4.5,mb,33,78,1.484,0.79,us,us6000thgf,2026-08-08T10:47:19.040Z,"170 km WSW of Fakfak, Indonesia",earthquake,8.07,1.872,0.104,27,reviewed,us,us
2026-08-01T14:35:11.146Z,-6.7517,129.7032,139.529,4.2,mb,19,85,2.224,0.66,us,us6000thgp,2026-08-01T17:19:46.040Z,"Banda Sea",earthquake,9.69,9.696,0.152,14,reviewed,us,us
2026-08-01T17:30:01.453Z,-2.7767,130.2218,10,4.4,mb,39,64,1.763,0.75,us,us6000thhe,2026-08-14T16:45:03.040Z,"150 km ENE of Masohi, Indonesia",earthquake,4.57,1.876,0.096,32,reviewed,us,us
2026-08-01T18:25:01.262Z,12.4943,143.8951,37.109,4.2,mb,29,81,1.444,0.51,us,us6000tim0,2026-08-13T18:09:46.040Z,"119 km SW of Merizo Village, Guam",earthquake,4.29,7.701,0.115,21,reviewed,us,us
2026-08-01T18:59:58.340Z,10.6831,125.8721,41.096,4.3,mb,54,123,3.602,0.62,us,us6000thhj,2026-08-13T15:51:28.040Z,"28 km S of Sulangan, Philippines",earthquake,14.16,6.282,0.081,43,reviewed,us,us
2026-08-01T20:08:08.844Z,2.804,126.4682,56.089,4.1,mb,24,115,8.046,0.58,us,us6000tim2,2026-08-13T19:07:23.040Z,"208 km NW of Tobelo, Indonesia",earthquake,15.75,8.605,0.127,18,reviewed,us,us
2026-08-01T21:26:07.221Z,-2.6121,138.9386,10,4.5,mb,25,87,1.765,0.55,us,us6000thi4,2026-08-01T23:49:55.040Z,"188 km W of Abepura, Indonesia",earthquake,9.96,1.866,0.121,20,reviewed,us,us
2026-08-02T05:10:48.935Z,-2.6255,138.9669,36.446,4.4,mb,23,111,1.738,1.06,us,us6000timu,2026-08-08T11:10:58.040Z,"185 km W of Abepura, Indonesia",earthquake,11.55,9.244,0.127,18,reviewed,us,us
2026-08-02T05:38:58.072Z,-6.5232,143.6372,10,4.8,mb,45,103,4.513,0.31,us,us6000thki,2026-08-08T11:40:00.040Z,"41 km S of Mendi, Papua New Guinea",earthquake,11.27,1.842,0.072,60,reviewed,us,us
2026-08-02T14:17:41.663Z,-8.453,121.2141,51.437,4.6,mb,25,69,3.281,0.98,us,us6000thm6,2026-08-02T14:39:40.040Z,"65 km NW of Ende, Indonesia",earthquake,6.55,8.319,0.152,17,reviewed,us,us
2026-08-02T16:27:02.032Z,4.1753,126.3895,29.553,4.7,mb,41,109,9.162,1.31,us,us6000thmn,2026-08-02T16:56:05.040Z,"170 km SE of Sarangani, Philippines",earthquake,11.28,5.798,0.079,51,reviewed,us,us
2026-08-02T22:14:33.788Z,0.2025,98.9508,45.095,4.4,mb,26,133,1.757,0.67,us,us6000tinn,2026-08-13T23:45:31.040Z,"134 km ESE of Teluk Dalam, Indonesia",earthquake,9.04,8.965,0.134,16,reviewed,us,us
2026-08-02T22:22:08.941Z,10.2795,125.3268,10,4.5,mb,19,116,3.199,0.87,us,us6000tinr,2026-08-13T23:54:05.040Z,"11 km SE of Hinundayan, Philippines",earthquake,13.04,1.914,0.144,14,reviewed,us,us
2026-08-02T22:48:37.577Z,5.37,125.3647,67.847,4.5,mb,41,125,1.702,0.67,us,us6000thp0,2026-08-14T00:24:55.040Z,"11 km WSW of Sarangani, Philippines",earthquake,12.78,8.016,0.097,31,reviewed,us,us
2026-08-04T17:30:51.782Z,-7.6019,128.3355,189.24,4.1,mb,23,69,3.434,1.02,us,us6000ti1d,2026-08-04T21:04:12.040Z,"179 km NE of Lospalos, Timor Leste",earthquake,8.44,9.118,0.166,10,reviewed,us,us
2026-08-04T20:16:37.181Z,1.5066,126.4856,35,5.7,mww,85,68,5.599,1.03,us,us6000ti49,2026-08-05T20:24:53.693Z,"127 km NW of Ternate, Indonesia",earthquake,7.68,1.885,0.11,8,reviewed,us,us
2026-08-05T00:11:57.782Z,21.9032,94.6478,103.392,4.8,mb,119,26,0.738,0.64,us,us6000ti5u,2026-08-05T04:07:18.240Z,"55 km WSW of Monywa, Burma (Myanmar)",earthquake,8.31,3.028,0.047,146,reviewed,us,us
2026-08-05T03:16:07.150Z,-6.4991,128.9345,234.999,4.9,mb,52,80,2.188,0.76,us,us6000ti6f,2026-08-05T03:30:46.040Z,"Banda Sea",earthquake,9.13,7.505,0.087,41,reviewed,us,us
2026-08-05T04:14:06.625Z,5.1812,125.276,10,6.3,mww,83,27,1.9,1.43,us,us6000ti6x,2026-08-11T10:02:29.210Z,"32 km SW of Sarangani, Philippines",earthquake,8.42,1.838,0.043,51,reviewed,us,us
2026-08-05T04:25:04.586Z,5.1275,125.412,35,5.2,mb,45,88,1.937,1.29,us,us6000ti71,2026-08-05T13:53:20.157Z,"31 km S of Sarangani, Philippines",earthquake,9.49,1.913,0.071,65,reviewed,us,us
2026-08-05T04:34:11.505Z,5.0397,125.0047,35,4.8,mb,22,123,2.096,0.85,us,us6000ti7f,2026-08-05T04:48:12.040Z,"64 km SW of Sarangani, Philippines",earthquake,11.42,1.953,0.135,17,reviewed,us,us
2026-08-05T05:13:04.282Z,5.0859,125.1979,29.668,4.9,mb,36,125,2.007,0.88,us,us6000ti7t,2026-08-05T05:40:17.301Z,"45 km SW of Sarangani, Philippines",earthquake,11.98,5.41,0.086,43,reviewed,us,us
2026-08-05T05:53:54.201Z,5.0554,126.1378,35,4.6,mb,43,105,2.077,0.81,us,us6000ti7y,2026-08-05T07:21:59.040Z,"84 km ESE of Sarangani, Philippines",earthquake,10.96,1.93,0.085,41,reviewed,us,us
2026-08-05T05:57:02.837Z,5.1481,125.8812,43.708,4.9,mb,46,130,1.932,0.74,us,us6000ti7z,2026-08-05T07:34:17.040Z,"54 km ESE of Sarangani, Philippines",earthquake,10.16,6.126,0.068,67,reviewed,us,us
2026-08-05T06:41:47.420Z,5.1124,125.216,35,4.8,mb,63,80,1.978,0.8,us,us6000ti86,2026-08-12T06:17:31.040Z,"42 km SW of Sarangani, Philippines",earthquake,9.44,1.928,0.063,79,reviewed,us,us
2026-08-05T09:17:07.881Z,5.0507,125.2544,35,4.8,mb,42,101,2.032,0.77,us,us6000ti9k,2026-08-05T09:55:22.447Z,"45 km SSW of Sarangani, Philippines",earthquake,11.66,1.922,0.074,57,reviewed,us,us
2026-08-05T09:38:20.843Z,5.0358,125.2545,27.957,4.4,mb,26,136,2.046,0.57,us,us6000ti9q,2026-08-05T10:03:32.040Z,"46 km SSW of Sarangani, Philippines",earthquake,10.93,5.459,0.11,24,reviewed,us,us
2026-08-05T14:16:50.054Z,1.2938,126.2646,10,4.7,mb,35,62,7.3,0.58,us,us6000tial,2026-08-05T16:56:05.040Z,"127 km E of Bitung, Indonesia",earthquake,5.32,1.884,0.112,24,reviewed,us,us
2026-08-05T16:50:18.349Z,1.7901,127.454,115.65,5.3,mww,85,36,5.567,0.65,us,us6000tics,2026-08-05T17:16:22.363Z,"62 km W of Tobelo, Indonesia",earthquake,7.61,6.513,0.063,24,reviewed,us,us
2026-08-05T19:32:26.748Z,5.1249,125.3857,10.014,4.7,mb,48,109,1.942,0.68,us,us6000tidz,2026-08-07T17:17:41.040Z,"31 km SSW of Sarangani, Philippines",earthquake,24.69,7.754,0.082,46,reviewed,us,us
2026-08-05T19:46:26.861Z,-6.5225,143.8444,10.028,5.2,mb,60,38,4.357,0.84,us,us6000tie5,2026-08-13T19:10:57.096Z,"31 km SSW of Ialibu, Papua New Guinea",earthquake,7.96,4.439,0.075,58,reviewed,us,us
2026-08-05T21:41:27.717Z,5.1283,125.227,10,5.6,mww,141,43,1.96,0.7,us,us6000tif5,2026-08-06T21:49:17.975Z,"40 km SW of Sarangani, Philippines",earthquake,8.45,1.737,0.061,26,reviewed,us,us
2026-08-05T22:11:44.587Z,5.0849,125.2468,10,4.9,mb,43,122,1.999,0.58,us,us6000tifh,2026-08-06T01:59:55.040Z,"42 km SW of Sarangani, Philippines",earthquake,7.31,1.879,0.073,58,reviewed,us,us
2026-08-06T03:12:11.368Z,5.2096,125.0756,35,4.6,mb,26,123,1.914,0.63,us,us6000tihf,2026-08-06T03:27:33.040Z,"48 km WSW of Sarangani, Philippines",earthquake,10.85,1.947,0.074,55,reviewed,us,us
2026-08-06T08:20:11.051Z,9.0335,126.8414,9.694,4.4,mb,20,72,2.317,0.57,us,us6000tjya,2026-08-12T12:01:34.040Z,"60 km ENE of Aras-asan, Philippines",earthquake,12.37,4.73,0.139,15,reviewed,us,us
2026-08-06T19:05:22.119Z,4.1443,93.2008,10,4.4,mb,41,74,3.886,0.62,us,us6000tipc,2026-08-06T19:50:54.040Z,"282 km WSW of Banda Aceh, Indonesia",earthquake,10.36,1.865,0.11,24,reviewed,us,us
2026-08-06T20:32:48.799Z,22.6929,95.9588,10,4.2,mb,17,94,1.768,0.47,us,us6000tiq3,2026-08-06T21:01:11.040Z,"30 km ENE of Shwebo, Burma (Myanmar)",earthquake,6.66,1.95,0.199,7,reviewed,us,us
2026-08-07T02:38:10.013Z,13.3855,120.6108,90.196,5,mb,79,83,7.955,1.19,us,us6000tivb,2026-08-07T08:11:32.546Z,"7 km NW of Cabacao, Philippines",earthquake,8.83,5.014,0.048,142,reviewed,us,us
2026-08-07T06:23:02.987Z,4.4892,125.941,102.132,4.5,mb,48,107,2.589,1.24,us,us6000tiw5,2026-08-07T13:50:01.040Z,"114 km SSE of Sarangani, Philippines",earthquake,9.45,5.639,0.068,64,reviewed,us,us
2026-08-07T08:43:38.581Z,5.189,125.0898,12.314,4.7,mb,40,116,1.931,0.62,us,us6000tiwj,2026-08-12T12:48:58.040Z,"47 km WSW of Sarangani, Philippines",earthquake,10.86,2.417,0.081,46,reviewed,us,us
2026-08-07T14:07:39.382Z,-5.6385,110.2192,534.964,4.8,mb,71,47,1.419,0.9,us,us6000tixn,2026-08-07T14:24:22.040Z,"108 km NNW of Batang, Indonesia",earthquake,7.7,7.995,0.056,99,reviewed,us,us
2026-08-07T19:48:15.479Z,4.3305,127.3898,10,4.5,mb,27,86,8.685,0.73,us,us6000tj2p,2026-08-07T21:44:09.040Z,"244 km ESE of Sarangani, Philippines",earthquake,8.33,1.877,0.118,24,reviewed,us,us
2026-08-07T22:12:55.555Z,1.7937,125.0521,190.932,4.4,mb,27,108,5.267,1.12,us,us6000tj42,2026-08-07T22:52:43.040Z,"34 km NNE of Laikit, Laikit II (Dimembe), Indonesia",earthquake,14.1,9.454,0.117,22,reviewed,us,us
2026-08-07T22:53:49.394Z,5.8489,125.622,139.805,4.6,mb,55,103,1.214,0.82,us,us6000tj4i,2026-08-08T01:43:13.040Z,"7 km SSW of Caburan, Philippines",earthquake,10.91,6.81,0.055,98,reviewed,us,us
2026-08-07T23:30:48.420Z,0.2552,122.0018,198.985,4.5,mb,21,125,5.696,0.56,us,us6000tj4x,2026-08-08T02:10:24.040Z,"122 km WSW of Gorontalo, Indonesia",earthquake,12.01,9.414,0.14,17,reviewed,us,us
2026-08-08T02:44:59.172Z,5.1189,125.3651,10,4.6,mb,35,113,1.95,0.63,us,us6000tj65,2026-08-08T03:01:57.040Z,"33 km SSW of Sarangani, Philippines",earthquake,11.03,1.909,0.083,43,reviewed,us,us
2026-08-08T09:59:59.173Z,-8.0781,107.8449,54.247,4.1,mb,17,86,0.641,0.96,us,us6000tk8y,2026-08-13T07:50:32.040Z,"85 km SSW of Singaparna, Indonesia",earthquake,6.26,8.226,0.166,10,reviewed,us,us
2026-08-08T10:20:47.001Z,5.088,125.0662,11.138,4.9,mb,32,125,2.034,0.61,us,us6000tj8e,2026-08-13T07:55:05.040Z,"56 km SW of Sarangani, Philippines",earthquake,8.27,4.873,0.114,24,reviewed,us,us
2026-08-08T23:12:22.267Z,4.5819,125.2976,9.688,4.5,mb,27,123,2.487,1.07,us,us6000tjbq,2026-08-09T00:04:45.040Z,"92 km SSW of Sarangani, Philippines",earthquake,12.58,4.736,0.119,23,reviewed,us,us
2026-08-09T03:02:07.086Z,7.017,94.1402,10,5,mb,53,65,3.308,0.84,us,us6000tjcl,2026-08-09T03:21:18.040Z,"180 km NW of Sabang, Indonesia",earthquake,5.27,1.837,0.075,57,reviewed,us,us
2026-08-09T10:04:31.077Z,4.5364,125.3517,10,4.6,mb,31,106,2.527,0.46,us,us6000tje3,2026-08-09T11:35:54.040Z,"96 km S of Sarangani, Philippines",earthquake,12.84,1.913,0.107,26,reviewed,us,us
2026-08-09T13:47:06.146Z,4.814,125.6593,162.836,4.6,mb,41,110,2.242,1.22,us,us6000tjfb,2026-08-09T14:03:08.040Z,"68 km SSE of Sarangani, Philippines",earthquake,8.63,6.836,0.095,35,reviewed,us,us
2026-08-09T15:15:03.956Z,-5.7782,102.8866,35,5.3,mww,67,71,1.41,0.76,us,us6000tjfj,2026-08-10T11:55:46.040Z,"197 km SSW of Pagar Alam, Indonesia",earthquake,7.03,1.766,0.086,13,reviewed,us,us
2026-08-09T17:05:42.371Z,11.3941,125.2313,110.58,4.8,mb,89,99,4.31,0.61,us,us6000tjgd,2026-08-09T17:44:36.519Z,"7 km ESE of Mabini, Philippines",earthquake,8.49,6.279,0.043,164,reviewed,us,us
2026-08-09T21:42:38.761Z,4.1847,126.9362,35,4.9,mb,53,121,3.168,0.69,us,us6000tjhn,2026-08-10T02:08:43.040Z,"211 km SE of Sarangani, Philippines",earthquake,10.42,1.914,0.059,91,reviewed,us,us
2026-08-09T22:17:27.839Z,4.1417,126.8342,35,5,mb,87,71,3.165,0.91,us,us6000tji3,2026-08-10T03:54:24.040Z,"206 km SE of Sarangani, Philippines",earthquake,9.98,1.81,0.044,164,reviewed,us,us
2026-08-10T05:35:51.062Z,8.9207,126.0577,103.062,4.6,mb,50,95,1.899,0.51,us,us6000tjjh,2026-08-10T06:30:04.040Z,"13 km ESE of San Miguel, Philippines",earthquake,11.45,7.324,0.059,88,reviewed,us,us
2026-08-10T17:08:06.809Z,-5.9347,102.3607,21.72,5.1,mb,49,182,1.672,0.82,us,us6000tjqj,2026-08-10T17:24:17.040Z,"232 km SSW of Pagar Alam, Indonesia",earthquake,8.49,6.372,0.092,38,reviewed,us,us
2026-08-11T01:12:46.205Z,-4.4801,102.5519,61.94,4.7,mb,38,188,0.42,0.64,us,us6000tjug,2026-08-11T03:25:21.420Z,"81 km SSE of Bengkulu, Indonesia",earthquake,9.28,5.962,0.112,24,reviewed,us,us
2026-08-11T10:49:52.149Z,-6.7252,129.7317,170.699,4.6,mb,84,83,2.195,0.4,us,us6000tjx1,2026-08-11T12:11:17.040Z,"Banda Sea",earthquake,8.72,7.183,0.057,93,reviewed,us,us
2026-08-11T12:45:12.884Z,-7.397,130.3922,30.609,4.8,mb,53,86,2.897,0.74,us,us6000tjxa,2026-08-11T13:31:28.040Z,"Pulau Pulau Tanimbar, Indonesia",earthquake,7.54,5.467,0.08,48,reviewed,us,us
2026-08-11T17:06:18.902Z,-7.6341,144.8583,10,5,mb,53,98,2.877,0.89,us,us6000tk0a,2026-08-11T17:34:09.040Z,"107 km WNW of Kerema, Papua New Guinea",earthquake,7.76,1.859,0.061,85,reviewed,us,us
2026-08-11T19:55:41.269Z,10.5351,93.4884,113.482,4.9,mb,67,43,6.472,0.81,us,us6000tk1m,2026-08-11T20:12:35.040Z,"149 km SSE of Port Blair, India",earthquake,7.49,6.529,0.07,65,reviewed,us,us
2026-08-11T20:14:18.452Z,1.7064,128.4742,10,5.1,mb,68,103,5.945,0.97,us,us6000tk1y,2026-08-11T20:29:58.040Z,"51 km E of Tobelo, Indonesia",earthquake,6.85,1.859,0.078,54,reviewed,us,us
2026-08-11T23:33:14.884Z,-3.9381,139.9386,34.264,4.7,mb,36,80,1.607,0.7,us,us6000tk41,2026-08-12T03:39:49.040Z,"167 km SSW of Abepura, Indonesia",earthquake,10.34,5.587,0.093,35,reviewed,us,us
2026-08-12T03:38:13.678Z,6.0864,126.105,146.743,4.4,mb,26,112,1.108,0.79,us,us6000tk52,2026-08-12T04:22:55.040Z,"31 km SSW of Pondaguitan, Philippines",earthquake,8.02,7.646,0.1,29,reviewed,us,us
2026-08-12T10:15:28.554Z,-2.6342,127.7768,10,4.5,mb,28,65,2.833,0.52,us,us6000tk6n,2026-08-12T13:35:04.040Z,"125 km NNW of Ambon, Indonesia",earthquake,8.73,1.91,0.124,19,reviewed,us,us
2026-08-12T18:58:25.658Z,-6.5002,129.516,178.38,4.5,mb,85,35,2.002,0.67,us,us6000tk9q,2026-08-13T14:10:35.040Z,"Banda Sea",earthquake,7.71,6.657,0.065,75,reviewed,us,us
2026-08-12T19:54:21.437Z,21.9386,120.6514,15.766,4.4,mb,85,93,0.961,0.83,us,us6000tka7,2026-08-13T14:31:36.040Z,"11 km SW of Hengchun, Taiwan",earthquake,6.06,3.174,0.065,71,reviewed,us,us
2026-08-12T21:25:20.192Z,20.4966,122.2726,10,4.7,mb,42,125,2.562,0.56,us,us6000tkax,2026-08-12T23:33:49.040Z,"31 km E of Basco, Philippines",earthquake,9.06,1.894,0.081,46,reviewed,us,us
2026-08-13T09:22:58.999Z,6.2479,125.8789,91.206,5.1,mww,88,50,0.869,0.99,us,us6000tkfh,2026-08-14T09:01:18.082Z,"22 km ENE of Lapuan, Philippines",earthquake,8.64,6.417,0.08,15,reviewed,us,us
2026-08-13T10:23:19.536Z,-8.4115,114.1762,145.679,4.6,mb,39,75,0.063,0.83,us,us6000tkg4,2026-08-15T00:44:35.946Z,"3 km ESE of Gambiran Satu, Indonesia",earthquake,9.61,6.401,0.102,36,reviewed,us,us
2026-08-13T12:44:59.102Z,-4.4318,143.8885,134.025,5,mb,57,40,3.706,0.58,us,us6000tkgn,2026-08-15T13:21:48.252Z,"45 km SSW of Angoram, Papua New Guinea",earthquake,7.51,7.438,0.092,38,reviewed,us,us
2026-08-13T14:22:53.541Z,0.8968,96.7701,10,4.3,mb,13,202,0.901,0.95,us,us6000tkh9,2026-08-15T14:33:30.040Z,"103 km WSW of Gunungsitoli, Indonesia",earthquake,7.33,1.941,0.202,8,reviewed,us,us
2026-08-13T18:39:31.327Z,5.3002,125.4836,66.312,5.3,mww,83,72,1.76,1.1,us,us6000tkig,2026-08-14T08:57:23.997Z,"11 km S of Sarangani, Philippines",earthquake,8.38,6.556,0.069,20,reviewed,us,us
2026-08-14T01:14:53.627Z,5.3865,125.1585,92.559,4.9,mb,43,95,1.724,0.92,us,us6000tkkw,2026-08-14T08:59:22.925Z,"29 km SW of Balangonan, Philippines",earthquake,10.62,7.109,0.088,41,reviewed,us,us
2026-08-14T18:03:54.327Z,4.2883,128.0475,10,4.7,mb,56,95,3.697,0.66,us,us6000tkrs,2026-08-14T18:28:29.040Z,"283 km N of Tobelo, Indonesia",earthquake,11.04,1.886,0.065,72,reviewed,us,us
2026-08-14T21:58:21.564Z,-8.3101,121.3517,10,7.7,mww,107,36,3.218,1.16,us,us6000tkt2,2026-08-15T13:59:48.715Z,"68 km NNW of Ende, Indonesia",earthquake,8.12,1.783,0.032,92,reviewed,us,us
2026-08-14T22:13:50.869Z,-8.2849,120.1465,10,5.9,mb,72,36,3.273,1.65,us,us6000tkta,2026-08-15T00:22:45.423Z,"36 km NE of Labuan Bajo, Indonesia",earthquake,6.41,1.65,0.062,97,reviewed,us,us
2026-08-14T22:18:06.706Z,-8.3406,121.4284,10,5.6,mb,24,132,3.136,1.04,us,us6000tku7,2026-08-15T00:28:32.723Z,"61 km NNW of Ende, Indonesia",earthquake,6.02,1.826,0.116,26,reviewed,us,us
2026-08-14T22:28:37.550Z,-8.3186,121.5717,10,6.1,mb,67,50,3.021,0.92,us,us6000tkuc,2026-08-15T05:05:39.917Z,"58 km N of Ende, Indonesia",earthquake,7.4,1.828,0.065,92,reviewed,us,us
2026-08-14T22:37:17.172Z,-8.1604,120.1908,10,5.5,mb,43,47,3.156,1.1,us,us6000tkuf,2026-08-15T00:47:07.603Z,"49 km NE of Labuan Bajo, Indonesia",earthquake,5.63,1.871,0.101,34,reviewed,us,us
2026-08-14T22:53:11.834Z,-8.2053,120.2253,10,5.3,mb,63,41,3.205,0.92,us,us6000tkuw,2026-08-14T23:27:48.040Z,"49 km NE of Labuan Bajo, Indonesia",earthquake,7.73,1.447,0.071,67,reviewed,us,us
2026-08-14T23:00:03.603Z,-8.2899,120.829,11.296,4.8,mb,33,61,3.426,1.12,us,us6000tl1g,2026-08-15T15:30:48.040Z,"53 km NE of Ruteng, Indonesia",earthquake,6.12,4.312,0.105,28,reviewed,us,us
2026-08-14T23:12:31.091Z,-8.1694,120.4166,10,5.1,mb,29,118,3.203,1.13,us,us6000tkv7,2026-08-14T23:38:30.040Z,"49 km N of Ruteng, Indonesia",earthquake,7.93,1.82,0.135,18,reviewed,us,us
2026-08-14T23:17:05.284Z,-8.3348,121.359,10,5,mb,45,80,3.2,1.1,us,us6000tkv9,2026-08-14T23:48:23.040Z,"65 km NNW of Ende, Indonesia",earthquake,5.18,1.836,0.088,41,reviewed,us,us
2026-08-14T23:49:58.157Z,-8.2074,121.3939,10,4.5,mb,18,118,3.228,0.86,us,us6000tkvb,2026-08-15T01:34:03.040Z,"76 km NNW of Ende, Indonesia",earthquake,7.48,1.895,0.135,17,reviewed,us,us
2026-08-14T23:52:55.591Z,-8.1975,121.5158,10,4.8,mb,31,85,3.128,0.92,us,us6000tkvc,2026-08-15T02:16:19.040Z,"73 km NNW of Ende, Indonesia",earthquake,8.51,1.865,0.135,21,reviewed,us,us
2026-08-15T00:03:22.963Z,-8.2265,121.3126,10,4.7,mb,34,83,3.29,0.96,us,us6000tkvd,2026-08-15T02:43:05.040Z,"78 km NNW of Ende, Indonesia",earthquake,8.73,1.889,0.108,27,reviewed,us,us
2026-08-15T00:20:27.120Z,-8.6065,121.2789,10,4.6,mb,26,127,3.163,1.05,us,us6000tkvg,2026-08-15T03:30:59.040Z,"49 km WNW of Ende, Indonesia",earthquake,10.63,1.902,0.116,23,reviewed,us,us
2026-08-15T00:40:18.406Z,-8.248,121.4162,10,5.1,mb,26,67,3.19,1.03,us,us6000tkvh,2026-08-15T01:02:17.040Z,"71 km NNW of Ende, Indonesia",earthquake,8.48,1.882,0.112,26,reviewed,us,us
2026-08-15T01:17:20.014Z,-8.0088,120.6888,10,5.1,mb,28,65,3.117,0.84,us,us6000tkvp,2026-08-15T01:32:34.040Z,"71 km NNE of Ruteng, Indonesia",earthquake,8.3,1.884,0.139,17,reviewed,us,us
2026-08-15T01:37:40.307Z,-8.0505,120.5052,10,4.9,mb,30,81,3.108,0.91,us,us6000tkvt,2026-08-15T01:53:40.040Z,"62 km N of Ruteng, Indonesia",earthquake,8.27,1.9,0.115,24,reviewed,us,us
2026-08-15T02:03:45.840Z,-8.1754,121.2637,10,4.6,mb,16,131,3.357,0.73,us,us6000tkvy,2026-08-15T02:25:48.040Z,"85 km NNW of Ende, Indonesia",earthquake,11.22,1.941,0.164,11,reviewed,us,us
2026-08-15T02:18:46.795Z,-8.2289,121.3629,10,4.5,mb,13,108,3.245,1.34,us,us6000tkw0,2026-08-15T02:48:43.040Z,"75 km NNW of Ende, Indonesia",earthquake,8.57,1.936,0.181,9,reviewed,us,us
2026-08-15T02:46:55.923Z,-8.299,121.3427,10,4.9,mb,32,75,3.231,1.05,us,us6000tkw2,2026-08-15T03:01:55.040Z,"69 km NNW of Ende, Indonesia",earthquake,6.61,1.881,0.125,20,reviewed,us,us
2026-08-15T03:54:13.099Z,-8.32,121.3458,10,5,mb,23,75,3.219,1.17,us,us6000tkw9,2026-08-15T04:08:46.040Z,"67 km NNW of Ende, Indonesia",earthquake,7.44,1.767,0.137,17,reviewed,us,us
2026-08-15T04:23:07.762Z,-8.3988,121.2851,10,4.6,mb,16,131,3.239,1.15,us,us6000tkwd,2026-08-15T04:43:31.040Z,"64 km NW of Ende, Indonesia",earthquake,10.43,1.916,0.158,12,reviewed,us,us
2026-08-15T05:45:08.046Z,-8.3681,121.3609,10,5,mb,47,75,3.184,1.19,us,us6000tkwj,2026-08-15T06:10:51.926Z,"62 km NNW of Ende, Indonesia",earthquake,8.32,1.916,0.086,43,reviewed,us,us
2026-08-15T06:28:51.109Z,-8.2671,121.3664,10,5.1,mb,58,76,3.224,1.05,us,us6000tkwq,2026-08-15T06:45:05.040Z,"71 km NNW of Ende, Indonesia",earthquake,8.27,1.875,0.081,49,reviewed,us,us
2026-08-15T06:43:07.500Z,-8.2384,120.6523,10,4.7,mb,36,76,3.326,0.95,us,us6000tkwt,2026-08-15T06:59:38.040Z,"46 km NNE of Ruteng, Indonesia",earthquake,9.91,1.893,0.103,29,reviewed,us,us
2026-08-15T07:16:07.016Z,-8.2926,121.4064,10,4.5,mb,22,118,3.178,0.87,us,us6000tkwz,2026-08-15T12:56:31.040Z,"67 km NNW of Ende, Indonesia",earthquake,7.2,1.596,0.14,15,reviewed,us,us
2026-08-15T07:39:38.975Z,-8.0446,120.7765,10,5.1,mb,57,52,3.178,1.12,us,us6000tkx5,2026-08-15T07:56:30.040Z,"71 km NNE of Ruteng, Indonesia",earthquake,7.69,0.957,0.081,50,reviewed,us,us
2026-08-15T08:02:28.350Z,-8.2634,120.2926,10,4.4,mb,23,106,3.272,1.14,us,us6000tkxc,2026-08-15T12:49:19.040Z,"42 km NNW of Ruteng, Indonesia",earthquake,5.35,1.897,0.127,18,reviewed,us,us
2026-08-15T09:08:22.294Z,-8.1297,120.4925,10,4.6,mb,28,82,3.181,1.04,us,us6000tky5,2026-08-15T12:58:56.040Z,"53 km N of Ruteng, Indonesia",earthquake,5.71,1.861,0.111,24,reviewed,us,us
2026-08-15T09:32:53.800Z,-8.2814,121.4883,10,4.9,mb,44,78,3.111,0.69,us,us6000tky8,2026-08-15T09:49:10.040Z,"65 km NNW of Ende, Indonesia",earthquake,8.38,1.868,0.092,37,reviewed,us,us
2026-08-15T09:51:45.571Z,-0.1583,122.0236,272.756,4.6,mb,39,68,5.33,0.62,us,us6000tkya,2026-08-15T10:06:23.040Z,"122 km NW of Luwuk, Indonesia",earthquake,10.03,9.053,0.091,36,reviewed,us,us
2026-08-15T10:31:30.185Z,-8.264,120.3675,10,5.1,mb,32,81,3.286,1.05,us,us6000tkyg,2026-08-15T10:51:12.040Z,"39 km NNW of Ruteng, Indonesia",earthquake,8.68,1.911,0.105,29,reviewed,us,us
2026-08-15T10:54:51.796Z,3.0856,99.015,172.526,6.9,mww,110,39,2.281,0.73,us,us6000tkyk,2026-08-15T15:01:44.919Z,"15 km NNW of Pematangsiantar, Indonesia",earthquake,7.22,6.228,0.04,59,reviewed,us,us
2026-08-15T11:10:24.937Z,-4.411,143.9212,120.214,5.4,mb,36,60,3.724,0.64,us,us6000tkyz,2026-08-15T13:16:40.838Z,"41 km SSW of Angoram, Papua New Guinea",earthquake,8.48,7.586,0.111,28,reviewed,us,us
2026-08-15T12:14:39.321Z,-8.2575,121.2565,10,5.2,mb,48,78,3.325,0.77,us,us6000tl0v,2026-08-15T12:31:02.040Z,"78 km NW of Ende, Indonesia",earthquake,8.32,1.87,0.089,41,reviewed,us,us
